{
  "model_type": "lightgbm",
  "version": "v5",
  "roc_auc": 0.9639395414447571,
  "pr_auc": 0.7307090960775244,
  "f1": 0.6699007931695248,
  "threshold": 0.2,
  "train_time_sec": 15.452433109283447
}