{
  "model_type": "xgboost",
  "n_samples": 590540,
  "features": null,
  "params": {
    "n_estimators": 500,
    "max_depth": 6,
    "learning_rate": 0.05,
    "subsample": 0.8,
    "colsample_bytree": 0.8,
    "reg_alpha": 0.0,
    "reg_lambda": 0.0
  },
  "chosen_threshold": 0.1868346482515335,
  "metrics": {
    "train": {
      "roc_auc": 0.9385662508905217,
      "pr_auc": 0.6014719614952858,
      "threshold": 0.1868346482515335,
      "confusion_matrix": {
        "tn": 448765,
        "fp": 7137,
        "fn": 7253,
        "tp": 9277
      },
      "classification_report": {
        "0": {
          "precision": 0.9840949260774794,
          "recall": 0.9843453198275068,
          "f1-score": 0.9842201070269322,
          "support": 455902.0
        },
        "1": {
          "precision": 0.5651882539295723,
          "recall": 0.561222020568663,
          "f1-score": 0.5631981544439048,
          "support": 16530.0
        },
        "accuracy": 0.9695405899685035,
        "macro avg": {
          "precision": 0.7746415900035258,
          "recall": 0.7727836701980849,
          "f1-score": 0.7737091307354185,
          "support": 472432.0
        },
        "weighted avg": {
          "precision": 0.9694377324695,
          "recall": 0.9695405899685035,
          "f1-score": 0.9694889015281568,
          "support": 472432.0
        }
      },
      "f1": 0.5631981544439048,
      "precision": 0.5651882539295723,
      "recall": 0.561222020568663
    },
    "valid": {
      "roc_auc": 0.9137089323320496,
      "pr_auc": 0.5123683121198679,
      "threshold": 0.1868346482515335,
      "confusion_matrix": {
        "tn": 111959,
        "fp": 2016,
        "fn": 2056,
        "tp": 2077
      },
      "classification_report": {
        "0": {
          "precision": 0.9819672850063588,
          "recall": 0.9823119105066901,
          "f1-score": 0.9821395675248914,
          "support": 113975.0
        },
        "1": {
          "precision": 0.5074517468849254,
          "recall": 0.502540527461892,
          "f1-score": 0.5049841964502796,
          "support": 4133.0
        },
        "accuracy": 0.9655230805703254,
        "macro avg": {
          "precision": 0.744709515945642,
          "recall": 0.7424262189842911,
          "f1-score": 0.7435618819875855,
          "support": 118108.0
        },
        "weighted avg": {
          "precision": 0.9653623749320548,
          "recall": 0.9655230805703254,
          "f1-score": 0.9654422807310131,
          "support": 118108.0
        }
      },
      "f1": 0.5049841964502796,
      "precision": 0.5074517468849254,
      "recall": 0.502540527461892
    },
    "class_ratio": {
      "train": 0.03498916246147594,
      "valid": 0.0349933958749619,
      "all": 0.03499000914417313
    }
  },
  "notes": "Hold-out(valid) 성능을 metadata에 포함. API threshold는 chosen_threshold 사용 권장."
}